<?xml version="1.0" encoding="UTF-8"?>
<Settings>
  <Page Name="Основные">
    <Group Name="Подключение">
      <Parameter Name="BaseURL" Caption="Base URL" Type="String" DefaultValue="https://kaspi.kz/api/v3"/>
      <Parameter Name="Token" Caption="Token" Type="String" DefaultValue=""/>
      <Parameter Name="PointId" Caption="Point ID" Type="String" DefaultValue=""/>
    </Group>
    <Group Name="Временные параметры">
      <Parameter Name="TimeoutMs" Caption="Таймаут, мс" Type="Number" DefaultValue="30000"/>
      <Parameter Name="PollIntervalMs" Caption="Интервал опроса, мс" Type="Number" DefaultValue="1000"/>
      <Parameter Name="VerboseLog" Caption="Подробный лог" Type="Boolean" DefaultValue="false"/>
    </Group>
  </Page>
</Settings>
